alias,iso_code,manual
a,AT,f
"abd küçük harici adaları",UM,f
"abd virjin adaları",VI,f
ad,AD,f
ae,AE,f
af,AF,f
afeganistão,AF,f
afganistan,AF,f
afganistanas,AF,f
afganistán,AF,f
afganistāna,AF,f
afghanistan,AF,f
afghánistán,AF,f
"africa de sud",ZA,f
"afrique du sud",ZA,f
ag,AG,f
ahvenamaa,AX,f
ahvenanmaa,AX,f
ai,AI,f
airija,IE,f
al,AL,f
"alandų salos",AX,f
alankomaat,NL,f
albaania,AL,f
albania,AL,f
albanie,AL,f
albanien,AL,f
albanija,AL,f
albanië,AL,f
albánie,AL,f
albânia,AL,f
albānija,AL,f
alemanha,DE,f
alemania,DE,f
algeria,DZ,f
algerie,DZ,f
algerien,DZ,f
algeriet,DZ,f
algerije,DZ,f
algieria,DZ,f
algérie,DZ,f
allemagne,DE,f
almanya,DE,f
"altre isole americane del pacifico",UM,f
alžeeria,DZ,f
alžyras,DZ,f
alžírsko,DZ,f
alžīrija,DZ,f
am,AM,f
"ameerika samoa",AS,f
"ameerika ühendriigid",US,f
"american samoa",AS,f
"americká samoa",AS,f
"americké panenské ostrovy",VI,f
"amerika birleşik devletleri",US,f
amerikaans-samoa,AS,f
"amerikaanse maagdeneilanden",VI,f
"amerikan samoa",AS,f
"amerikan samoası",AS,f
amerikanisch-samoa,AS,f
"amerikanische jungferninseln",VI,f
"amerikanische überseeinseln",UM,f
"amerikansk samoa",AS,f
"amerikanska jungfruöarna",VI,f
"amerikanska samoa",AS,f
"amerikanske oversøiske øer",UM,f
"amerikas savienotās valstis",US,f
"amerikos samoa",AS,f
andora,AD,f
andorra,AD,f
andorre,AD,f
angilija,AI,f
angilja,AI,f
angola,AO,f
anguila,AI,f
anguilla,AI,f
antarctica,AQ,f
antarctique,AQ,f
antarktida,AQ,f
antarktika,AQ,f
antarktis,AQ,f
antarktyda,AQ,f
antartide,AQ,f
"antigua & barbuda",AG,f
"antigua a barbuda",AG,f
"antigua e barbuda",AG,f
"antigua en barbuda",AG,f
"antigua i barbuda",AG,f
"antigua ja barbuda",AG,f
"antigua och barbuda",AG,f
"antigua og barbuda",AG,f
"antigua und barbuda",AG,f
"antigua ve barbuda",AG,f
"antigua y barbuda",AG,f
"antigua și barbuda",AG,f
antigua-et-barbuda,AG,f
"antigva ir barbuda",AG,f
"antigva un barbuda",AG,f
antártida,AQ,f
"antígua e barbuda",AG,f
ao,AO,f
"apvienotie arābu emirāti",AE,f
"apvienotā karaliste",GB,f
aq,AQ,f
ar,AR,f
"araabia ühendemiraadid",AE,f
"arabia saudita",SA,f
"arabia saudită",SA,f
"arabia saudyjska",SA,f
"arabia saudí",SA,f
"arabie saoudite",SA,f
arabiemiirikunnat,AE,f
argelia,DZ,f
argentiina,AR,f
argentina,AR,f
argentine,AR,f
argentinien,AR,f
argentinië,AR,f
argentyna,AR,f
argentīna,AR,f
argélia,DZ,f
arjantin,AR,f
armeenia,AM,f
armenia,AM,f
armenien,AM,f
armenië,AM,f
arménie,AM,f
armênia,AM,f
armēnija,AM,f
armėnija,AM,f
arnavutluk,AL,f
aruba,AW,f
"arábia saudita",SA,f
as,AS,f
aserbaidschan,AZ,f
aserbaidžaan,AZ,f
aserbajdsjan,AZ,f
"asv mazās aizjūras salas",UM,f
"asv samoa",AS,f
"asv virdžīnas",VI,f
at,AT,f
au,AU,f
austraalia,AU,f
australia,AU,f
australie,AU,f
australien,AU,f
australija,AU,f
australië,AU,f
austria,AT,f
austrija,AT,f
austrumtimora,TL,f
austrália,AU,f
austrálie,AU,f
austrālija,AU,f
autriche,AT,f
avustralya,AU,f
avusturya,AT,f
aw,AW,f
ax,AX,f
az,AZ,f
azerbaidjan,AZ,f
azerbaidžan,AZ,f
azerbaidžanas,AZ,f
azerbaidžāna,AZ,f
azerbaigian,AZ,f
azerbaijan,AZ,f
azerbaijão,AZ,f
azerbaiyán,AZ,f
azerbajdzjan,AZ,f
azerbaycan,AZ,f
azerbaïdjan,AZ,f
azerbeidzjan,AZ,f
azerbejdżan,AZ,f
ba,BA,f
bahama,BS,f
bahamalar,BS,f
bahamas,BS,f
bahama’s,BS,f
bahamos,BS,f
"bahamu salas",BS,f
bahamy,BS,f
bahrain,BH,f
bahrajn,BH,f
bahrein,BH,f
bahreina,BH,f
bahreinas,BH,f
bahreyn,BH,f
bahreïn,BH,f
baltarusija,BY,f
baltkrievija,BY,f
bangladesch,BD,f
bangladesh,BD,f
bangladesz,BD,f
bangladeş,BD,f
bangladeša,BD,f
bangladešas,BD,f
bangladés,BD,f
bangladéš,BD,f
barbade,BB,f
barbados,BB,f
barbadosa,BB,f
barbadosas,BB,f
barein,BH,f
baréin,BH,f
"batı sahra",EH,f
bb,BB,f
bd,BD,f
be,BE,f
belarus,BY,f
belau,PW,f
belgia,BE,f
belgie,BE,f
belgien,BE,f
belgija,BE,f
belgio,BE,f
belgique,BE,f
belgium,BE,f
belgië,BE,f
belice,BZ,f
beliza,BZ,f
belizas,BZ,f
belize,BZ,f
belçika,BE,f
benin,BJ,f
benina,BJ,f
beninas,BJ,f
benín,BJ,f
bermuda,BM,f
bermudas,BM,f
bermudes,BM,f
"bermudu salas",BM,f
bermudy,BM,f
beļģija,BE,f
bf,BF,f
bg,BG,f
bh,BH,f
bhoutan,BT,f
bhutan,BT,f
bhútán,BT,f
bi,BI,f
białoruś,BY,f
bielorrusia,BY,f
bielorrússia,BY,f
bielorussia,BY,f
"birleşik arap emirlikleri",AE,f
"birleşik krallık",GB,f
"bisau gvinėja",GW,f
biélorussie,BY,f
bj,BJ,f
bl,BL,f
bm,BM,f
bn,BN,f
bo,BO,f
boliivia,BO,f
bolivia,BO,f
bolivie,BO,f
bolivien,BO,f
bolivija,BO,f
bolivya,BO,f
boliwia,BO,f
bolívia,BO,f
bolívie,BO,f
bolīvija,BO,f
"bosna a hercegovina",BA,f
bosna-hersek,BA,f
"bosnia & herzegovina",BA,f
"bosnia ed erzegovina",BA,f
"bosnia ja hertsegoviina",BA,f
"bosnia ja hertsegovina",BA,f
"bosnia y herzegovina",BA,f
"bosnia și herțegovina",BA,f
bosnia-hercegovina,BA,f
bosnie-herzégovine,BA,f
"bosnien och hercegovina",BA,f
"bosnien und herzegowina",BA,f
bosnien-hercegovina,BA,f
"bosnija ir hercegovina",BA,f
"bosnija un hercegovina",BA,f
"bosnië en herzegovina",BA,f
botsuana,BW,f
botsvana,BW,f
botsvāna,BW,f
botswana,BW,f
"bouvet adası",BV,f
"bouvet island",BV,f
bouveteiland,BV,f
bouvetinsel,BV,f
bouvetön,BV,f
bouvetøen,BV,f
bouvetøya,BV,f
"bouvetův ostrov",BV,f
"bouvet’ saar",BV,f
bouvet’nsaari,BV,f
"bośnia i hercegowina",BA,f
bq,BQ,f
br,BR,f
brasiilia,BR,f
brasil,BR,f
brasile,BR,f
brasilia,BR,f
brasilien,BR,f
brazil,BR,f
brazilia,BR,f
brazilija,BR,f
brazilië,BR,f
brazylia,BR,f
brazílie,BR,f
brazīlija,BR,f
brd,DE,f
brezilya,BR,f
"britanya hint okyanusu toprakları",IO,f
"britanya virjin adaları",VG,f
"briti india ookeani ala",IO,f
"briti neitsisaared",VG,f
"britische jungferninseln",VG,f
"britisches territorium im indischen ozean",IO,f
"british indian ocean territory",IO,f
"british virgin islands",VG,f
"brits indische oceaanterritorium",IO,f
"britse maagdeneilanden",VG,f
"britské indickooceánské území",IO,f
"britské panenské ostrovy",VG,f
"brittiläinen intian valtameren alue",IO,f
"brittiläiset neitsytsaaret",VG,f
"brittiska jungfruöarna",VG,f
"brittiska territoriet i indiska oceanen",IO,f
"britu virdžīnas",VG,f
brunei,BN,f
"brunei darussalam",BN,f
brunej,BN,f
bruneja,BN,f
brunéi,BN,f
brunėjus,BN,f
"brytyjskie terytorium oceanu indyjskiego",IO,f
"brytyjskie wyspy dziewicze",VG,f
brésil,BR,f
bs,BS,f
bt,BT,f
bulgaaria,BG,f
bulgaria,BG,f
bulgarie,BG,f
bulgarien,BG,f
bulgarija,BG,f
bulgarije,BG,f
bulgaristan,BG,f
bulgária,BG,f
bulgārija,BG,f
bulharsko,BG,f
"burkina fasas",BF,f
"burkina faso",BF,f
burkinafaso,BF,f
"burquina faso",BF,f
burundi,BI,f
burundija,BI,f
burundis,BI,f
butan,BT,f
butanas,BT,f
bután,BT,f
butão,BT,f
butāna,BT,f
"buvē sala",BV,f
"buvė sala",BV,f
bułgaria,BG,f
bv,BV,f
bw,BW,f
by,BY,f
bz,BZ,f
bélgica,BE,f
bénin,BJ,f
"bósnia e herzegovina",BA,f
bělorusko,BY,f
ca,CA,f
"cabo verde",CV,f
camarões,CM,f
cambodge,KH,f
cambodgia,KH,f
cambodia,KH,f
cambodja,KH,f
cambogia,KH,f
camboja,KH,f
camboya,KH,f
cameroon,CM,f
cameroun,CM,f
camerun,CM,f
camerún,CM,f
canada,CA,f
canadá,CA,f
cap-vert,CV,f
"cape verde",CV,f
"capo verde",CV,f
"capul verde",CV,f
"caraibi olandesi",BQ,f
"caribbean netherlands",BQ,f
"caribe neerlandés",BQ,f
"caribisch nederland",BQ,f
catar,QA,f
"cayman adaları",KY,f
"cayman islands",KY,f
caymansaaret,KY,f
caymanöarna,KY,f
caymanøerne,KY,f
caymanøyene,KY,f
cazaquistão,KZ,f
cc,CC,f
cd,CD,f
cebelitarık,GI,f
cechia,CZ,f
cehia,CZ,f
"centraal-afrikaanse republiek",CF,f
"central african republic",CF,f
"centralafrikanska republiken",CF,f
"centrinės afrikos respublika",CF,f
"centrālāfrikas republika",CF,f
cezayir,DZ,f
cf,CF,f
cg,CG,f
ch,CH,f
chad,TD,f
chade,TD,f
chequia,CZ,f
chile,CL,f
chili,CL,f
china,CN,f
chine,CN,f
chiny,CN,f
chipre,CY,f
chorvatsko,HR,f
chorwacja,HR,f
"christmas adası",CX,f
"christmas island",CX,f
christmaseiland,CX,f
christmasøya,CX,f
chypre,CY,f
ci,CI,f
ciad,TD,f
cibuti,DJ,f
"cidade do vaticano",VA,f
cile,CL,f
cina,CN,f
cipro,CY,f
cipru,CY,f
"città del vaticano",VA,f
"ciudad del vaticano",VA,f
ck,CK,f
cl,CL,f
cm,CM,f
cn,CN,f
co,CO,f
"cocos (keeling) adaları",CC,f
"cocos (keeling) islands",CC,f
cocoseilanden,CC,f
cocosøerne,CC,f
colombia,CO,f
colombie,CO,f
columbia,CO,f
colômbia,CO,f
comoras,KM,f
comore,KM,f
comoren,KM,f
comorerne,KM,f
comores,KM,f
comoros,KM,f
congo,CG,f
"congo - brazzaville",CG,f
"congo - kinshasa",CD,f
congo-brazzaville,CG,f
congo-kinshasa,CD,f
"cook adaları",CK,f
"cook islands",CK,f
cookeilanden,CK,f
"cooki saared",CK,f
cookinsaaret,CK,f
cookinseln,CK,f
"cookovy ostrovy",CK,f
cooköarna,CK,f
cookøerne,CK,f
cookøyene,CK,f
"corea del nord",KP,f
"corea del norte",KP,f
"corea del sud",KR,f
"corea del sur",KR,f
"coreea de nord",KP,f
"coreea de sud",KR,f
"coreia do norte",KP,f
"coreia do sul",KR,f
"corée du nord",KP,f
"corée du sud",KR,f
"costa do marfim",CI,f
"costa d’avorio",CI,f
"costa rica",CR,f
cr,CR,f
croacia,HR,f
croatia,HR,f
croatie,HR,f
croazia,HR,f
croația,HR,f
croácia,HR,f
cu,CU,f
cuba,CU,f
curazao,CW,f
curaçao,CW,f
cv,CV,f
cw,CW,f
cx,CX,f
cy,CY,f
cypern,CY,f
cypr,CY,f
cyprus,CY,f
cz,CZ,f
czad,TD,f
czarnogóra,ME,f
czechia,CZ,f
czechy,CZ,f
"côte d’ivoire",CI,f
d,DE,f
"dalekie wyspy mniejsze stanów zjednoczonych",UM,f
danemarca,DK,f
danemark,DK,f
dania,DK,f
danija,DK,f
danimarca,DK,f
danimarka,DK,f
danmark,DK,f
de,DE,f
"de amerikanske jomfruøer",VI,f
"de amerikanske jomfruøyene",VI,f
"de britiske jomfruøer",VG,f
"de britiske jomfruøyene",VG,f
"de forenede arabiske emirater",AE,f
"de forente arabiske emirater",AE,f
"de franske besiddelser i det sydlige indiske ocean og antarktis",TF,f
"de franske sørterritorier",TF,f
"de palæstinensiske områder",PS,f
"de tidligere nederlandske antiller",BQ,f
"demokratyczna republika konga",CD,f
"den centralafrikanske republik",CF,f
"den dominikanske republik",DO,f
"den dominikanske republikk",DO,f
"den sentralafrikanske republikk",CF,f
denemarken,DK,f
denmark,DK,f
"det britiske territoriet i indiahavet",IO,f
"det britiske territorium i det indiske ocean",IO,f
"det palestinske området",PS,f
deutschland,DE,f
"didžiosios britanijos mergelių salos",VG,f
"dienviddžordžija un dienvidsendviču salas",GS,f
dienvidkoreja,KR,f
dienvidsudāna,SS,f
"dienvidāfrikas republika",ZA,f
dinamarca,DK,f
dj,DJ,f
djibouti,DJ,f
djibuti,DJ,f
dk,DK,f
dm,DM,f
do,DO,f
dominica,DM,f
"dominicaanse republiek",DO,f
"dominican republic",DO,f
"dominik cumhuriyeti",DO,f
dominika,DM,f
"dominikaani vabariik",DO,f
"dominikaaninen tasavalta",DO,f
dominikana,DO,f
"dominikanische republik",DO,f
"dominikanska republiken",DO,f
"dominikos respublika",DO,f
"dominikánská republika",DO,f
dominikāna,DO,f
dominique,DM,f
"dramblio kaulo krantas",CI,f
dschibuti,DJ,f
duitsland,DE,f
dz,DZ,f
dánsko,DK,f
dänemark,DK,f
dānija,DK,f
dżibuti,DJ,f
džersis,JE,f
džibutija,DJ,f
džibutis,DJ,f
džibutsko,DJ,f
džērsija,JE,f
ec,EC,f
ecuador,EC,f
ee,EE,f
eesti,EE,f
eg,EG,f
egipt,EG,f
egiptas,EG,f
egipto,EG,f
egiptus,EG,f
egito,EG,f
egitto,EG,f
egypt,EG,f
egypte,EG,f
egypten,EG,f
egypti,EG,f
eh,EH,f
ekvador,EC,f
ekvadora,EC,f
ekvadoras,EC,f
"ekvator ginesi",GQ,f
ekvatoriaal-guinea,GQ,f
ekvatorial-guinea,GQ,f
ekvatorialguinea,GQ,f
"ekvatoriālā gvineja",GQ,f
ekvádor,EC,f
ekwador,EC,f
"el salvador",SV,f
elfenbenskysten,CI,f
elveția,CH,f
"emirados árabes unidos",AE,f
"emiratele arabe unite",AE,f
"emirati arabi uniti",AE,f
"emiratos árabes unidos",AE,f
endonezya,ID,f
england,GB,f
equador,EC,f
equatoriaal-guinea,GQ,f
"equatorial guinea",GQ,f
er,ER,f
eritre,ER,f
eritrea,ER,f
eritreea,ER,f
eritreia,ER,f
eritreja,ER,f
eritrėja,ER,f
ermenistan,AM,f
erytrea,ER,f
es,ES,f
eslovaquia,SK,f
eslovenia,SI,f
eslováquia,SK,f
eslovênia,SI,f
espagne,ES,f
espanha,ES,f
espanja,ES,f
españa,ES,f
essuatíni,SZ,f
"estados unidos",US,f
estija,EE,f
estland,EE,f
estonia,EE,f
estonie,EE,f
estonsko,EE,f
estonya,EE,f
estônia,EE,f
esuatini,SZ,f
esvatini,SZ,f
eswatini,SZ,f
et,ET,f
etelä-afrikka,ZA,f
"etelä-georgia ja eteläiset sandwichinsaaret",GS,f
etelä-korea,KR,f
etelä-sudan,SS,f
ethiopia,ET,f
ethiopië,ET,f
etioopia,ET,f
etiopia,ET,f
etiopie,ET,f
etiopien,ET,f
etiopija,ET,f
etiopía,ET,f
etiyopya,ET,f
etiópia,ET,f
"faerské ostrovy",FO,f
faeröer,FO,f
"falkland adaları",FK,f
"falkland islands",FK,f
falklandeilanden,FK,f
"falklandi saared",FK,f
falklandinsaaret,FK,f
falklandinseln,FK,f
"falklandské ostrovy",FK,f
falklandsöarna,FK,f
falklandsøerne,FK,f
falklandsøyene,FK,f
falklandy,FK,f
"farerų salos",FO,f
"faroe adaları",FO,f
"faroe islands",FO,f
fas,MA,f
fi,FI,f
fidji,FJ,f
fidschi,FJ,f
fidżi,FJ,f
fidži,FJ,f
fidžis,FJ,f
figi,FJ,f
fiji,FJ,f
filipiinid,PH,f
filipijnen,PH,f
filipinai,PH,f
filipinas,PH,f
filipine,PH,f
filipinler,PH,f
filipiny,PH,f
filippiinit,PH,f
filippine,PH,f
filippinene,PH,f
filippinerna,PH,f
filippinerne,PH,f
filipíny,PH,f
filipīnas,PH,f
"filistin bölgeleri",PS,f
finland,FI,f
finlanda,FI,f
finlande,FI,f
finlandia,FI,f
finlandiya,FI,f
finlândia,FI,f
finnland,FI,f
finsko,FI,f
fiyi,FJ,f
fj,FJ,f
fk,FK,f
fm,FM,f
fo,FO,f
"folklando salos",FK,f
"folklenda salas",FK,f
fr,FR,f
france,FR,f
francia,FR,f
francie,FR,f
francija,FR,f
"francijas dienvidjūru teritorija",TF,f
"francijas gviāna",GF,f
"francijas polinēzija",PF,f
francja,FR,f
"francouzská guyana",GF,f
"francouzská jižní území",TF,f
"francouzská polynésie",PF,f
"francuskie terytoria południowe i antarktyczne",TF,f
frankreich,FR,f
frankrig,FR,f
frankrijk,FR,f
frankrike,FR,f
frans-guyana,GF,f
frans-polynesië,PF,f
fransa,FR,f
"franse gebieden in de zuidelijke indische oceaan",TF,f
"fransk guyana",GF,f
"fransk polynesia",PF,f
"fransk polynesien",PF,f
"franska guyana",GF,f
"franska polynesien",PF,f
"franska sydterritorierna",TF,f
"fransız guyanası",GF,f
"fransız güney toprakları",TF,f
"fransız polinezyası",PF,f
französisch-guayana,GF,f
französisch-polynesien,PF,f
"französische süd- und antarktisgebiete",TF,f
frança,FR,f
franța,FR,f
"french guiana",GF,f
"french polynesia",PF,f
"french southern territories",TF,f
färsaaret,FO,f
färöarna,FO,f
färöer,FO,f
"fääri saared",FO,f
færøerne,FO,f
færøyene,FO,f
"förenade arabemiraten",AE,f
"fēru salas",FO,f
ga,GA,f
gabon,GA,f
gabona,GA,f
gabonas,GA,f
gabun,GA,f
gabão,GA,f
gabón,GA,f
gajana,GY,f
gajāna,GY,f
gambia,GM,f
gambie,GM,f
gambija,GM,f
gambiya,GM,f
gana,GH,f
gb,GB,f
gd,GD,f
ge,GE,f
georgia,GE,f
"georgia de sud și insulele sandwich de sud",GS,f
"georgia del sud e sandwich australi",GS,f
"georgia południowa i sandwich południowy",GS,f
georgien,GE,f
georgië,GE,f
germania,DE,f
germany,DE,f
gernsis,GG,f
geórgia,GE,f
gf,GF,f
gg,GG,f
gh,GH,f
ghana,GH,f
gi,GI,f
giamaica,JM,f
giappone,JP,f
gibilterra,GI,f
gibraltar,GI,f
gibraltaras,GI,f
gibraltārs,GI,f
gibuti,DJ,f
gine,GN,f
gine-bissau,GW,f
giordania,JO,f
gl,GL,f
gm,GM,f
gn,GN,f
gp,GP,f
gq,GQ,f
gr,GR,f
graikija,GR,f
granada,GD,f
grecia,GR,f
grecja,GR,f
greece,GR,f
greenland,GL,f
grekland,GR,f
grenada,GD,f
grenade,GD,f
grenlande,GL,f
grenlandia,GL,f
grenlandija,GL,f
grenāda,GD,f
griechenland,GR,f
griekenland,GR,f
grieķija,GR,f
groenland,GL,f
groenlanda,GL,f
groenlandia,GL,f
groenlândia,GL,f
gruusia,GE,f
gruzie,GE,f
gruzija,GE,f
gruzja,GE,f
grækenland,GR,f
grèce,GR,f
grécia,GR,f
grónsko,GL,f
grönland,GL,f
grönlanti,GL,f
gröönimaa,GL,f
grønland,GL,f
gs,GS,f
gt,GT,f
gu,GU,f
guadalupa,GP,f
guadalupe,GP,f
guadeloupe,GP,f
guadelupa,GP,f
guam,GU,f
guama,GU,f
guamas,GU,f
guatemala,GT,f
"guayana francesa",GF,f
guernesey,GG,f
guernsey,GG,f
guiana,GY,f
"guiana francesa",GF,f
guinea,GN,f
"guinea ecuatorial",GQ,f
"guinea equatoriale",GQ,f
guinea-bissau,GW,f
guinea-bisáu,GW,f
guinee,GN,f
guinee-bissau,GW,f
guineea,GN,f
"guineea ecuatorială",GQ,f
guineea-bissau,GW,f
guiné,GN,f
"guiné equatorial",GQ,f
guiné-bissau,GW,f
guinée,GN,f
"guinée équatoriale",GQ,f
guinée-bissau,GW,f
gujana,GY,f
"gujana francuska",GF,f
guyana,GY,f
"guyana francese",GF,f
"guyana franceză",GF,f
"guyane française",GF,f
gvadelupa,GP,f
gvatemala,GT,f
gvineja,GN,f
gvineja-bisava,GW,f
gvinėja,GN,f
gw,GW,f
gwadelupa,GP,f
gwatemala,GT,f
gwinea,GN,f
"gwinea bissau",GW,f
"gwinea równikowa",GQ,f
gy,GY,f
gâmbia,GM,f
géorgie,GE,f
"géorgie du sud-et-les îles sandwich du sud",GS,f
"güney afrika",ZA,f
"güney georgia ve güney sandwich adaları",GS,f
"güney kore",KR,f
"güney sudan",SS,f
gürcistan,GE,f
gērnsija,GG,f
haiti,HT,f
haitis,HT,f
haití,HT,f
haïti,HT,f
"heard & mcdonald islands",HM,f
"heard adası ve mcdonald adaları",HM,f
"heard en mcdonaldeilanden",HM,f
"heard island og mcdonald islands",HM,f
"heard ja mcdonaldinsaaret",HM,f
"heard und mcdonaldinseln",HM,f
"heard- og mcdonaldøyene",HM,f
"heardi ja mcdonaldi saared",HM,f
"heardön och mcdonaldöarna",HM,f
"heardův ostrov a mcdonaldovy ostrovy",HM,f
hellas,GR,f
"herdo ir makdonaldo salos",HM,f
hiina,CN,f
hindistan,IN,f
hispaania,ES,f
hiszpania,ES,f
hk,HK,f
hm,HM,f
hn,HN,f
holandia,NL,f
holland,NL,f
hollanda,NL,f
"hollandi kariibi mere saared",BQ,f
honduras,HN,f
hondurasa,HN,f
hondūras,HN,f
"hong kong sar china",HK,f
"hong kong, rae da china",HK,f
hongarije,HU,f
"hongkong sar",HK,f
"hongkong sar kina",HK,f
"hongkong sar van china",HK,f
"hongkong – kiinan erityishallintoalue",HK,f
"hongkong – zao číny",HK,f
"hongkongi erihalduspiirkond",HK,f
hongrie,HU,f
horvaatia,HR,f
horvātija,HR,f
hr,HR,f
ht,HT,f
hu,HU,f
hungary,HU,f
hungria,HU,f
hungría,HU,f
hviderusland,BY,f
hviterussland,BY,f
"hērda sala un makdonalda salas",HM,f
hırvatistan,HR,f
iceland,IS,f
id,ID,f
ida-timor,TL,f
ie,IE,f
ierland,IE,f
igaunija,EE,f
iirimaa,IE,f
iisrael,IL,f
ijsland,IS,f
il,IL,f
"ilha bouvet",BV,f
"ilha christmas",CX,f
"ilha de man",IM,f
"ilha norfolk",NF,f
"ilhas aland",AX,f
"ilhas cayman",KY,f
"ilhas cocos (keeling)",CC,f
"ilhas cook",CK,f
"ilhas faroé",FO,f
"ilhas geórgia do sul e sandwich do sul",GS,f
"ilhas heard e mcdonald",HM,f
"ilhas malvinas",FK,f
"ilhas marianas do norte",MP,f
"ilhas marshall",MH,f
"ilhas menores distantes dos eua",UM,f
"ilhas pitcairn",PN,f
"ilhas salomão",SB,f
"ilhas turcas e caicos",TC,f
"ilhas virgens americanas",VI,f
"ilhas virgens britânicas",VG,f
im,IM,f
in,IN,f
inde,IN,f
india,IN,f
indie,IN,f
indien,IN,f
indija,IN,f
"indijas okeāna britu teritorija",IO,f
"indijos vandenyno britų sritis",IO,f
indoneesia,ID,f
indonesia,ID,f
indonesien,ID,f
indonesië,ID,f
indonezia,ID,f
indonezija,ID,f
indonezja,ID,f
indonésia,ID,f
indonésie,ID,f
indonēzija,ID,f
"insula bouvet",BV,f
"insula christmas",CX,f
"insula heard și insulele mcdonald",HM,f
"insula man",IM,f
"insula norfolk",NF,f
"insulele caraibe olandeze",BQ,f
"insulele cayman",KY,f
"insulele cocos (keeling)",CC,f
"insulele cook",CK,f
"insulele falkland",FK,f
"insulele feroe",FO,f
"insulele mariane de nord",MP,f
"insulele marshall",MH,f
"insulele pitcairn",PN,f
"insulele solomon",SB,f
"insulele turks și caicos",TC,f
"insulele virgine americane",VI,f
"insulele virgine britanice",VG,f
"insulele åland",AX,f
"insulele îndepărtate ale s.u.a.",UM,f
intia,IN,f
io,IO,f
iordania,JO,f
iq,IQ,f
ir,IR,f
iraak,IQ,f
iraan,IR,f
irak,IQ,f
irakas,IQ,f
iran,IR,f
iranas,IR,f
iraq,IQ,f
iraque,IQ,f
ireland,IE,f
irland,IE,f
irlanda,IE,f
irlande,IE,f
irlandia,IE,f
irlanti,IE,f
irsko,IE,f
irák,IQ,f
irán,IR,f
irã,IR,f
irāka,IQ,f
irāna,IR,f
is,IS,f
"isla bouvet",BV,f
"isla de man",IM,f
"isla de navidad",CX,f
"isla norfolk",NF,f
island,IS,f
islanda,IS,f
islande,IS,f
islandia,IS,f
islandija,IS,f
islanti,IS,f
"islas aland",AX,f
"islas caimán",KY,f
"islas cocos",CC,f
"islas cook",CK,f
"islas feroe",FO,f
"islas georgia del sur y sandwich del sur",GS,f
"islas heard y mcdonald",HM,f
"islas malvinas",FK,f
"islas marianas del norte",MP,f
"islas marshall",MH,f
"islas menores alejadas de ee. uu.",UM,f
"islas pitcairn",PN,f
"islas salomón",SB,f
"islas turcas y caicos",TC,f
"islas vírgenes británicas",VG,f
"islas vírgenes de ee. uu.",VI,f
"isle of man",IM,f
islândia,IS,f
iso-britannia,GB,f
"isola bouvet",BV,f
"isola christmas",CX,f
"isola di man",IM,f
"isola norfolk",NF,f
"isole cayman",KY,f
"isole cocos (keeling)",CC,f
"isole cook",CK,f
"isole falkland",FK,f
"isole fær øer",FO,f
"isole heard e mcdonald",HM,f
"isole marianne settentrionali",MP,f
"isole marshall",MH,f
"isole pitcairn",PN,f
"isole salomone",SB,f
"isole turks e caicos",TC,f
"isole vergini americane",VI,f
"isole vergini britanniche",VG,f
"isole åland",AX,f
ispanija,ES,f
israel,IL,f
israele,IL,f
israël,IL,f
it,IT,f
itaalia,IT,f
italia,IT,f
italie,IT,f
italien,IT,f
italija,IT,f
italië,IT,f
italy,IT,f
itália,IT,f
itálie,IT,f
itä-timor,TL,f
itävalta,AT,f
itālija,IT,f
ivoorkust,CI,f
izrael,IL,f
izraelis,IL,f
izraēla,IL,f
iêmen,YE,f
i̇ran,IR,f
i̇rlanda,IE,f
i̇spanya,ES,f
i̇srail,IL,f
i̇sveç,SE,f
i̇sviçre,CH,f
i̇talya,IT,f
i̇zlanda,IS,f
jaapan,JP,f
jamaica,JM,f
jamaika,JM,f
jamajka,JM,f
jamaïque,JM,f
japan,JP,f
japani,JP,f
japon,JP,f
japonia,JP,f
japonija,JP,f
japonsko,JP,f
japonya,JP,f
japão,JP,f
japón,JP,f
japāna,JP,f
jaunkaledonija,NC,f
jaunzēlande,NZ,f
je,JE,f
jeemen,YE,f
jemen,YE,f
jemena,YE,f
jemenas,YE,f
jersey,JE,f
"jihoafrická republika",ZA,f
"jižní georgie a jižní sandwichovy ostrovy",GS,f
"jižní korea",KR,f
"jižní súdán",SS,f
jm,JM,f
jo,JO,f
jordaania,JO,f
jordan,JO,f
jordania,JO,f
jordanie,JO,f
jordanien,JO,f
jordanija,JO,f
jordanië,JO,f
jordánsko,JO,f
jordânia,JO,f
jordānija,JO,f
joulusaari,CX,f
jp,JP,f
juleøen,CX,f
julön,CX,f
"jungtiniai arabų emyratai",AE,f
"jungtinių valstijų mažosios tolimosios salos",UM,f
"jungtinių valstijų mergelių salos",VI,f
"jungtinė karalystė",GB,f
"jungtinės valstijos",US,f
juodkalnija,ME,f
jõulusaar,CX,f
kaaimaneilanden,KY,f
kaapverdië,CV,f
kaboverde,CV,f
kaimaninseln,KY,f
kaimanisaared,KY,f
"kaimanu salas",KY,f
"kaimanų salos",KY,f
"kajmanské ostrovy",KY,f
kajmany,KY,f
"kalėdų sala",CX,f
kambodja,KH,f
kambodscha,KH,f
kambodsja,KH,f
kambodża,KH,f
kambodža,KH,f
kamboçya,KH,f
kameroen,CM,f
kamerun,CM,f
kamerūna,CM,f
kamerūnas,CM,f
kanada,CA,f
kanāda,CA,f
"kap verde",CV,f
"kapp verde",CV,f
kapverdy,CV,f
karadağ,ME,f
"karayip hollandası",BQ,f
"karibian alankomaat",BQ,f
"karibische niederlande",BQ,f
"karibisk nederland",BQ,f
"karibiska nederländerna",BQ,f
"karibské nizozemsko",BQ,f
"karibų nyderlandai",BQ,f
kasachstan,KZ,f
kasahstan,KZ,f
kasakhstan,KZ,f
katar,QA,f
katara,QA,f
kataras,QA,f
kazachstan,KZ,f
kazachstanas,KZ,f
kazachstán,KZ,f
kazahstan,KZ,f
kazahstāna,KZ,f
kazajistán,KZ,f
kazakhstan,KZ,f
kazakistan,KZ,f
kazakstan,KZ,f
ke,KE,f
keenia,KE,f
kenia,KE,f
kenija,KE,f
kenya,KE,f
"kesk-aafrika vabariik",CF,f
"keski-afrikan tasavalta",CF,f
keňa,KE,f
kg,KG,f
kh,KH,f
ki,KI,f
kiina,CN,f
kina,CN,f
kinija,CN,f
kipra,CY,f
kipras,CY,f
kirasao,CW,f
kirghizistan,KG,f
kirghizstan,KG,f
kirgisia,KG,f
kirgisistan,KG,f
kirgistan,KG,f
kirgizija,KG,f
kirgizistan,KG,f
kirgizië,KG,f
kirgizstāna,KG,f
kirguistán,KG,f
kiribati,KI,f
kiribatis,KI,f
kiurasao,CW,f
"kleine afgelegen eilanden van de verenigde staten",UM,f
km,KM,f
kn,KN,f
koeweit,KW,f
kokosinseln,CC,f
"kokosové ostrovy",CC,f
"kokosu (kīlinga) salas",CC,f
kokosöarna,CC,f
kokosøyene,CC,f
"kokosų (kilingo) salos",CC,f
kolombiya,CO,f
kolumbia,CO,f
kolumbie,CO,f
kolumbien,CO,f
kolumbija,CO,f
komoorid,KM,f
komorai,KM,f
komoren,KM,f
komorene,KM,f
komorerna,KM,f
komorit,KM,f
komorlar,KM,f
"komoru salas",KM,f
komory,KM,f
kongas-brazavilis,CG,f
kongas-kinšasa,CD,f
"kongo (brazavila)",CG,f
"kongo (kinšasa)",CD,f
"kongo - brazavil",CG,f
"kongo - kinşasa",CD,f
"kongo dv",CD,f
"kongo vabariik",CG,f
"kongo – brazzaville",CG,f
"kongo – kinshasa",CD,f
kongo-brazzaville,CG,f
kongo-kinshasa,CD,f
"kongon demokraattinen tasavalta",CD,f
"kongon tasavalta",CG,f
kookossaared,CC,f
"kookossaaret (keelingsaaret)",CC,f
"korea południowa",KR,f
"korea północna",KP,f
"kosta rika",CR,f
kostarika,CR,f
kostaryka,CR,f
kotdivuāra,CI,f
koweït,KW,f
kp,KP,f
kr,KR,f
kreeka,GR,f
kreikka,GR,f
krievija,RU,f
kroatia,HR,f
kroatien,HR,f
kroatija,HR,f
kroatië,HR,f
kuba,CU,f
"kuka salas",CK,f
"kuko salos",CK,f
kuuba,CU,f
kuvajt,KW,f
kuveit,KW,f
kuveita,KW,f
kuveitas,KW,f
kuveyt,KW,f
kuwait,KW,f
kuweit,KW,f
kuwejt,KW,f
"kuzey kore",KP,f
"kuzey makedonya",MK,f
"kuzey mariana adaları",MP,f
kw,KW,f
ky,KY,f
kypr,CY,f
kypros,CY,f
kyrgyzstan,KG,f
kyrgyzstán,KG,f
kz,KZ,f
kârgâzstan,KG,f
kõrgõzstan,KG,f
küba,CU,f
küpros,CY,f
kıbrıs,CY,f
kırgızistan,KG,f
la,LA,f
"la réunion",RE,f
laos,LA,f
laosa,LA,f
laosas,LA,f
latvia,LV,f
latvija,LV,f
lb,LB,f
lc,LC,f
lebanon,LB,f
leedu,LT,f
lenkija,PL,f
lesotas,LS,f
lesotho,LS,f
lesoto,LS,f
letland,LV,f
letonia,LV,f
letonya,LV,f
lettland,LV,f
lettonia,LV,f
lettonie,LV,f
letônia,LV,f
li,LI,f
liban,LB,f
libanas,LB,f
libano,LB,f
libanon,LB,f
libeeria,LR,f
liberia,LR,f
liberija,LR,f
liberya,LR,f
libia,LY,f
libija,LY,f
libië,LY,f
libya,LY,f
libye,LY,f
libyen,LY,f
libéria,LR,f
libérie,LR,f
libāna,LB,f
libērija,LR,f
lichtenšteinas,LI,f
lichtenštejnsko,LI,f
liechtenstein,LI,f
liettua,LT,f
lietuva,LT,f
lihtenšteina,LI,f
liibanon,LB,f
liibüa,LY,f
litauen,LT,f
lithuania,LT,f
litouwen,LT,f
lituania,LT,f
lituanie,LT,f
lituânia,LT,f
litva,LT,f
litvanya,LT,f
litwa,LT,f
liuksemburgas,LU,f
lk,LK,f
lotyšsko,LV,f
lr,LR,f
ls,LS,f
lt,LT,f
lu,LU,f
lucembursko,LU,f
luksemburg,LU,f
luksemburga,LU,f
lussemburgo,LU,f
luxembourg,LU,f
luxemburg,LU,f
luxemburgo,LU,f
lv,LV,f
ly,LY,f
länsi-sahara,EH,f
läti,LV,f
lääne-sahara,EH,f
líbano,LB,f
líbia,LY,f
"lõuna-aafrika vabariik",ZA,f
"lõuna-georgia ja lõuna-sandwichi saared",GS,f
lõuna-korea,KR,f
lõuna-sudaan,SS,f
lübnan,LB,f
lüksemburg,LU,f
lībija,LY,f
ma,MA,f
"macao sar",MO,f
"macao sar china",MO,f
"macao sar kina",MO,f
"macao – kiinan erityishallintoalue",MO,f
"macao – zao číny",MO,f
macaristan,HU,f
"macau erihalduspiirkond",MO,f
"macau sar van china",MO,f
"macau, rae da china",MO,f
"macedonia de nord",MK,f
"macedonia del nord",MK,f
"macedonia del norte",MK,f
"macedonia północna",MK,f
"macedônia do norte",MK,f
"macédoine du nord",MK,f
madagascar,MG,f
madagaskar,MG,f
madagaskara,MG,f
madagaskaras,MG,f
majota,YT,f
majotas,YT,f
majotta,YT,f
malaisia,MY,f
malaisie,MY,f
malaizija,MY,f
malajsie,MY,f
malasia,MY,f
malaui,MW,f
malavi,MW,f
malavis,MW,f
malawi,MW,f
malaysia,MY,f
maldiivid,MV,f
maldivas,MV,f
maldive,MV,f
maldiven,MV,f
maldivene,MV,f
maldiverna,MV,f
maldiverne,MV,f
maldives,MV,f
maldivler,MV,f
maldyvai,MV,f
maldīvija,MV,f
malediivit,MV,f
malediven,MV,f
maledivy,MV,f
malediwy,MV,f
maleisië,MY,f
malesia,MY,f
malezja,MY,f
malezya,MY,f
mali,ML,f
malis,ML,f
malta,MT,f
malte,MT,f
malásia,MY,f
malāvija,MW,f
man,IM,f
"man adası",IM,f
"mani saar",IM,f
mansaari,IM,f
"marianos šiaurinės salos",MP,f
"mariany północne",MP,f
maroc,MA,f
marocco,MA,f
marocko,MA,f
maroka,MA,f
marokas,MA,f
marokko,MA,f
maroko,MA,f
marrocos,MA,f
marruecos,MA,f
"marshall adaları",MH,f
"marshall islands",MH,f
marshalleilanden,MH,f
"marshalli saared",MH,f
marshallinsaaret,MH,f
marshallinseln,MH,f
"marshallovy ostrovy",MH,f
marshallöarna,MH,f
marshalløerne,MH,f
marshalløyene,MH,f
martinica,MQ,f
martinik,MQ,f
martinika,MQ,f
martinique,MQ,f
martynika,MQ,f
"maršalo salos",MH,f
mauretania,MR,f
mauretanien,MR,f
maurice,MU,f
mauricijus,MU,f
mauricio,MU,f
mauricius,MU,f
mauritaania,MR,f
mauritania,MR,f
mauritanie,MR,f
mauritanija,MR,f
mauritanië,MR,f
mauritius,MU,f
mauritánie,MR,f
mauritânia,MR,f
mauritānija,MR,f
maurício,MU,f
maurīcija,MU,f
mayotte,YT,f
maďarsko,HU,f
mc,MC,f
md,MD,f
me,ME,f
mehhiko,MX,f
meksika,MX,f
meksiko,MX,f
meksyk,MX,f
melnkalne,ME,f
"menas sala",IM,f
"meno sala",IM,f
"menší odlehlé ostrovy usa",UM,f
messico,MX,f
mexic,MX,f
mexico,MX,f
mexiko,MX,f
mexique,MX,f
mf,MF,f
mg,MG,f
mh,MH,f
"mianmar (birmânia)",MM,f
"mianmaras (birma)",MM,f
micronesia,FM,f
micronezia,FM,f
micronésia,FM,f
micronésie,FM,f
mikroneesia,FM,f
mikronesia,FM,f
mikronesiaføderasjonen,FM,f
mikronesien,FM,f
mikronezija,FM,f
mikronezja,FM,f
mikronezya,FM,f
mikronésie,FM,f
mikronēzija,FM,f
"mjanma (birma)",MM,f
mk,MK,f
ml,ML,f
mm,MM,f
mn,MN,f
mo,MO,f
moldavia,MD,f
moldavie,MD,f
moldavien,MD,f
moldavië,MD,f
moldavsko,MD,f
moldova,MD,f
moldávia,MD,f
monaco,MC,f
monakas,MC,f
monako,MC,f
mongolei,MN,f
mongolia,MN,f
mongolie,MN,f
mongoliet,MN,f
mongolija,MN,f
mongolië,MN,f
mongolsko,MN,f
mongoolia,MN,f
mongólia,MN,f
montenegro,ME,f
montseratas,MS,f
montserrat,MS,f
montserrata,MS,f
monténégro,ME,f
moritanya,MR,f
morocco,MA,f
mosambiik,MZ,f
mosambik,MZ,f
mozambic,MZ,f
mozambico,MZ,f
mozambik,MZ,f
mozambika,MZ,f
mozambikas,MZ,f
mozambique,MZ,f
moçambique,MZ,f
moğolistan,MN,f
mołdawia,MD,f
mp,MP,f
mq,MQ,f
mr,MR,f
ms,MS,f
mt,MT,f
mu,MU,f
muntenegru,ME,f
mv,MV,f
mw,MW,f
mx,MX,f
my,MY,f
myanmar,MM,f
"myanmar (barma)",MM,f
"myanmar (birma)",MM,f
"myanmar (birmania)",MM,f
"myanmar (birmanie)",MM,f
"myanmar (burma)",MM,f
mz,MZ,f
méxico,MX,f
mónaco,MC,f
mônaco,MC,f
"māršala salas",MH,f
mısır,EG,f
na,NA,f
namibia,NA,f
namibie,NA,f
namibija,NA,f
namibië,NA,f
namibya,NA,f
namiibia,NA,f
namíbia,NA,f
namībija,NA,f
"naujoji kaledonija",NC,f
"naujoji zelandija",NZ,f
nauru,NR,f
nc,NC,f
ne,NE,f
nederland,NL,f
nederländerna,NL,f
nepal,NP,f
nepalas,NP,f
nepál,NP,f
nepāla,NP,f
netherlands,NL,f
neukaledonien,NC,f
neuseeland,NZ,f
"new caledonia",NC,f
"new zealand",NZ,f
nf,NF,f
ng,NG,f
ni,NI,f
nicaragua,NI,f
nicarágua,NI,f
"niderlandy karaibskie",BQ,f
niederlande,NL,f
niemcy,DE,f
nieuw-caledonië,NC,f
nieuw-zeeland,NZ,f
nigeeria,NG,f
niger,NE,f
nigeria,NG,f
nigerija,NG,f
nigeris,NE,f
nigéria,NG,f
nigérie,NG,f
nigēra,NE,f
nigērija,NG,f
nijer,NE,f
nijerya,NG,f
nikaragua,NI,f
nikaragva,NI,f
niue,NU,f
niujė,NU,f
nizozemsko,NL,f
nl,NL,f
no,NO,f
noord-korea,KP,f
noord-macedonië,MK,f
"noordelijke marianen",MP,f
noorwegen,NO,f
nord-korea,KP,f
nord-makedonia,MK,f
nord-marianene,MP,f
nordkorea,KP,f
nordmakedonien,MK,f
nordmarianerna,MP,f
nordmarianerne,MP,f
nordmazedonien,MK,f
norfolk,NF,f
"norfolk adası",NF,f
"norfolk island",NF,f
"norfolkas sala",NF,f
norfolkinsaari,NF,f
norfolkinsel,NF,f
"norfolko sala",NF,f
norfolkön,NF,f
norfolkøya,NF,f
norge,NO,f
norja,NO,f
norra,NO,f
norsko,NO,f
norsunluurannikko,CI,f
"north korea",KP,f
"north macedonia",MK,f
"northern mariana islands",MP,f
noruega,NO,f
norvegia,NO,f
norvegija,NO,f
norveç,NO,f
norvège,NO,f
norvēģija,NO,f
norway,NO,f
norwegen,NO,f
norwegia,NO,f
"noua caledonie",NC,f
"noua zeelandă",NZ,f
nouvelle-calédonie,NC,f
nouvelle-zélande,NZ,f
"nova caledônia",NC,f
"nova zelândia",NZ,f
"nová kaledonie",NC,f
"nový zéland",NZ,f
"nowa kaledonia",NC,f
"nowa zelandia",NZ,f
np,NP,f
nr,NR,f
nu,NU,f
"nueva caledonia",NC,f
"nueva zelanda",NZ,f
"nuova caledonia",NC,f
"nuova zelanda",NZ,f
"ny kaledonien",NC,f
ny-caledonia,NC,f
"nya kaledonien",NC,f
"nya zeeland",NZ,f
nyderlandai,NL,f
nz,NZ,f
népal,NP,f
níger,NE,f
"nördliche marianen",MP,f
německo,DE,f
nīderlande,NL,f
"nīderlandes karību salas",BQ,f
oeganda,UG,f
oekraïne,UA,f
oesterreich,AT,f
oezbekistan,UZ,f
"olandes salas",AX,f
om,OM,f
omaan,OM,f
oman,OM,f
omanas,OM,f
omán,OM,f
omã,OM,f
omāna,OM,f
oost-timor,TL,f
oostenrijk,AT,f
"orta afrika cumhuriyeti",CF,f
"ostrov man",IM,f
ouganda,UG,f
ouzbékistan,UZ,f
pa,PA,f
"paapua uus-guinea",PG,f
"paesi bassi",NL,f
pakistan,PK,f
pakistanas,PK,f
pakistán,PK,f
pakistāna,PK,f
palaos,PW,f
palau,PW,f
"palestiina alad",PS,f
palestiinalaisalue,PS,f
"palestijnse gebieden",PS,f
"palestinian territories",PS,f
"palestinos teritorija",PS,f
"palestinska territorierna",PS,f
"palestinská území",PS,f
"palestīnas teritorijas",PS,f
"palästinensische autonomiegebiete",PS,f
panama,PA,f
panamá,PA,f
papoea-nieuw-guinea,PG,f
papouasie-nouvelle-guinée,PG,f
"papua naujoji gvinėja",PG,f
"papua new guinea",PG,f
"papua nuova guinea",PG,f
"papua ny guinea",PG,f
"papua ny-guinea",PG,f
"papua nya guinea",PG,f
"papua yeni gine",PG,f
papua-jaungvineja,PG,f
papua-neuguinea,PG,f
"papua-noua guinee",PG,f
"papua-nova guiné",PG,f
"papua-nová guinea",PG,f
"papua-nowa gwinea",PG,f
papua-uusi-guinea,PG,f
"papúa nueva guinea",PG,f
paquistão,PK,f
paraguai,PY,f
paraguay,PY,f
paragvaja,PY,f
paragvajus,PY,f
paragwaj,PY,f
pays-bas,NL,f
"pays-bas caribéens",BQ,f
"países baixos",NL,f
"países baixos caribenhos",BQ,f
"países bajos",NL,f
pe,PE,f
peru,PE,f
peruu,PE,f
perù,PE,f
perú,PE,f
pf,PF,f
pg,PG,f
ph,PH,f
philippinen,PH,f
philippines,PH,f
"pietų afrika",ZA,f
"pietų džordžija ir pietų sandvičo salos",GS,f
"pietų korėja",KR,f
"pietų sudanas",SS,f
pitcairn,PN,f
"pitcairn adaları",PN,f
"pitcairn islands",PN,f
pitcairneilanden,PN,f
"pitcairni saared",PN,f
pitcairninseln,PN,f
"pitcairnovy ostrovy",PN,f
pitcairnöarna,PN,f
pitcairnøyene,PN,f
"pitkerno salos",PN,f
"pitkērnas salas",PN,f
pk,PK,f
pl,PL,f
pm,PM,f
pn,PN,f
"pobřeží slonoviny",CI,f
pohjois-korea,KP,f
pohjois-makedonia,MK,f
pohjois-mariaanit,MP,f
poland,PL,f
polen,PL,f
polija,PL,f
"polinesia francesa",PF,f
"polinesia francese",PF,f
"polinezia franceză",PF,f
"polinezja francuska",PF,f
"polinésia francesa",PF,f
pologne,PL,f
polonia,PL,f
polonya,PL,f
polska,PL,f
polsko,PL,f
"polynésie française",PF,f
polônia,PL,f
poola,PL,f
portekiz,PT,f
"porto rico",PR,f
"porto riko",PR,f
portogallo,PT,f
portorico,PR,f
portoriko,PR,f
portoryko,PR,f
portugal,PT,f
portugali,PT,f
portugalia,PT,f
portugalija,PT,f
portugalsko,PT,f
portugāle,PT,f
pr,PR,f
prancūzija,FR,f
"prancūzijos gviana",GF,f
"prancūzijos pietų sritys",TF,f
"prancūzijos polinezija",PF,f
"prantsuse guajaana",GF,f
"prantsuse lõunaalad",TF,f
"prantsuse polüneesia",PF,f
prantsusmaa,FR,f
ps,PS,f
pt,PT,f
"puerto rico",PR,f
"puerto rikas",PR,f
puertoriko,PR,f
puola,PL,f
"pusiaujo gvinėja",GQ,f
pw,PW,f
py,PY,f
pákistán,PK,f
"päiväntasaajan guinea",GQ,f
pérou,PE,f
põhja-korea,KP,f
põhja-makedoonia,MK,f
põhja-mariaanid,MP,f
qa,QA,f
qatar,QA,f
quirguistão,KG,f
quiribati,KI,f
quênia,KE,f
"r.a.s. chinoise de hong kong",HK,f
"r.a.s. chinoise de macao",MO,f
"r.a.s. hong kong, china",HK,f
"r.a.s. macao, china",MO,f
"rae de hong kong (china)",HK,f
"rae de macao (china)",MO,f
rakousko,AT,f
ranska,FR,f
"ranskan eteläiset ja antarktiset alueet",TF,f
"ranskan guayana",GF,f
"ranskan polynesia",PF,f
"ras di hong kong",HK,f
"ras di macao",MO,f
re,RE,f
"regatul unit",GB,f
"regno unito",GB,f
reinjona,RE,f
"reino unido",GB,f
"repubblica centrafricana",CF,f
"repubblica dominicana",DO,f
"republica centrafricană",CF,f
"republica dominicană",DO,f
"republica moldova",MD,f
"republik moldau",MD,f
"republika południowej afryki",ZA,f
"republika zielonego przylądka",CV,f
"republika środkowoafrykańska",CF,f
"república centro-africana",CF,f
"república centroafricana",CF,f
"república democrática del congo",CD,f
"república do congo",CG,f
"república dominicana",DO,f
reunion,RE,f
reunião,RE,f
reunión,RE,f
reunjonas,RE,f
rietumsahāra,EH,f
riunione,RE,f
ro,RO,f
roemenië,RO,f
roheneemesaared,CV,f
romania,RO,f
romanya,RO,f
românia,RO,f
romênia,RO,f
rootsi,SE,f
rosja,RU,f
roumanie,RO,f
"rovníková guinea",GQ,f
royaume-uni,GB,f
rs,RS,f
ru,RU,f
ruanda,RW,f
rumanía,RO,f
rumeenia,RO,f
rumunia,RO,f
rumunija,RO,f
rumunsko,RO,f
rumänien,RO,f
rumænien,RO,f
rumānija,RO,f
ruotsi,SE,f
rusia,RU,f
rusija,RU,f
rusko,RU,f
rusland,RU,f
russia,RU,f
russie,RU,f
russland,RU,f
rusya,RU,f
rw,RW,f
rwanda,RW,f
ryssland,RU,f
"rytų timoras",TL,f
"république centrafricaine",CF,f
"république dominicaine",DO,f
réunion,RE,f
rússia,RU,f
"s:t barthélemy",BL,f
"s:t helena",SH,f
"s:t kitts och nevis",KN,f
"s:t lucia",LC,f
"s:t pierre och miquelon",PM,f
"s:t vincent och grenadinerna",VC,f
sa,SA,f
"saalomoni saared",SB,f
"saara ocidental",EH,f
"sahara occidental",EH,f
"sahara occidentale",EH,f
"sahara occidentală",EH,f
"sahara zachodnia",EH,f
"saint barthelemy",BL,f
"saint barthélemy",BL,f
"saint helena",SH,f
"saint kitts e nevis",KN,f
"saint kitts en nevis",KN,f
"saint kitts i nevis",KN,f
"saint kitts ja nevis",KN,f
"saint kitts og nevis",KN,f
"saint kitts ve nevis",KN,f
"saint kitts și nevis",KN,f
"saint lucia",LC,f
"saint martin",MF,f
"saint pierre og miquelon",PM,f
"saint pierre ve miquelon",PM,f
"saint vincent e grenadine",VC,f
"saint vincent en de grenadines",VC,f
"saint vincent i grenadyny",VC,f
"saint vincent ja grenadiinid",VC,f
"saint vincent ja grenadiinit",VC,f
"saint vincent og grenadinerne",VC,f
"saint vincent ve grenadinler",VC,f
"saint vincent și grenadinele",VC,f
saint-barthélemy,BL,f
saint-christophe-et-niévès,KN,f
saint-marin,SM,f
saint-martin,MF,f
"saint-martin (partie néerlandaise)",SX,f
"saint-pierre a miquelon",PM,f
"saint-pierre e miquelon",PM,f
"saint-pierre en miquelon",PM,f
"saint-pierre i miquelon",PM,f
"saint-pierre ja miquelon",PM,f
"saint-pierre și miquelon",PM,f
saint-pierre-et-miquelon,PM,f
"saint-vincent-et-les grenadines",VC,f
sainte-hélène,SH,f
sainte-lucie,LC,f
saksa,DE,f
saksamaa,DE,f
"saliamono salos",SB,f
salomonen,SB,f
salomonsaaret,SB,f
salomonseilanden,SB,f
salomonöarna,SB,f
salomonøerne,SB,f
salomonøyene,SB,f
salvador,SV,f
salvadora,SV,f
salvadoras,SV,f
salwador,SV,f
sambia,ZM,f
samoa,WS,f
"samoa americana",AS,f
"samoa americane",AS,f
"samoa americană",AS,f
"samoa amerykańskie",AS,f
"samoa américaines",AS,f
"san bartolomé",BL,f
"san cristóbal y nieves",KN,f
"san marinas",SM,f
"san marino",SM,f
"san martín",MF,f
"san pedro y miquelón",PM,f
"san tomė ir prinsipė",ST,f
"san vicente y las granadinas",VC,f
sanmarīno,SM,f
"santa elena",SH,f
"santa helena",SH,f
"santa lucía",LC,f
"santa lúcia",LC,f
"santo tomé y príncipe",ST,f
"santome un prinsipi",ST,f
sant’elena,SH,f
"sao tome ve principe",ST,f
"sao tomé en principe",ST,f
"sao tomé-et-principe",ST,f
saoedi-arabië,SA,f
"sar hongkong",HK,f
"sar macao",MO,f
"saudi araabia",SA,f
"saudi arabia",SA,f
saudi-arabia,SA,f
saudi-arabien,SA,f
saudiarabien,SA,f
"saudo arabija",SA,f
"saúdská arábie",SA,f
"saūda arābija",SA,f
sb,SB,f
sc,SC,f
schweden,SE,f
schweiz,CH,f
sd,SD,f
se,SE,f
seicheles,SC,f
seišeliai,SC,f
seišellid,SC,f
"seišelu salas",SC,f
"sen bartelemi",BL,f
"sen martenas",MF,f
"sen pjeras ir mikelonas",PM,f
senbartelmī,BL,f
senegal,SN,f
senegalas,SN,f
senegāla,SN,f
senmartēna,MF,f
"senpjēra un mikelona",PM,f
"sent kitsas ir nevis",KN,f
"sent lusija",LC,f
"sentkitsa un nevisa",KN,f
sentlūsija,LC,f
"sentvinsenta un grenadīnas",VC,f
serbia,RS,f
serbie,RS,f
serbien,RS,f
serbija,RS,f
"serra leoa",SL,f
servië,RS,f
seszele,SC,f
"severní korea",KP,f
"severní makedonie",MK,f
"severní mariany",MP,f
seychellen,SC,f
seychellene,SC,f
seychellerna,SC,f
seychellerne,SC,f
seychelles,SC,f
seychellit,SC,f
seychely,SC,f
seyşeller,SC,f
"sfânta elena",SH,f
"sfânta lucia",LC,f
"sfântul martin",MF,f
sg,SG,f
sh,SH,f
si,SI,f
"siera leonė",SL,f
"sierra leona",SL,f
"sierra leone",SL,f
simbabwe,ZW,f
singapore,SG,f
singapour,SG,f
singapur,SG,f
singapura,SG,f
singapūra,SG,f
singapūras,SG,f
"sint maarten",SX,f
"sint martenas",SX,f
sint-helena,SH,f
sint-maarten,SX,f
sintmārtena,SX,f
siria,SY,f
sirija,SY,f
sj,SJ,f
sjerraleone,SL,f
sk,SK,f
sl,SL,f
slovacchia,SK,f
slovacia,SK,f
slovakia,SK,f
slovakien,SK,f
slovakiet,SK,f
slovakija,SK,f
slovakkia,SK,f
slovakya,SK,f
slovaquie,SK,f
sloveenia,SI,f
slovenia,SI,f
slovenien,SI,f
slovenië,SI,f
slovensko,SK,f
slovenya,SI,f
slovinsko,SI,f
slovénie,SI,f
slovākija,SK,f
slovēnija,SI,f
slovėnija,SI,f
slowakei,SK,f
slowakije,SK,f
slowenien,SI,f
sm,SM,f
sn,SN,f
so,SO,f
soedan,SD,f
"solomon adaları",SB,f
"solomon islands",SB,f
somaalia,SO,f
somali,SO,f
somalia,SO,f
somalie,SO,f
somalis,SO,f
somalië,SO,f
somija,FI,f
somália,SO,f
somálsko,SO,f
somālija,SO,f
"sonderverwaltungsregion hongkong",HK,f
"sonderverwaltungsregion macau",MO,f
soome,FI,f
soudan,SD,f
"soudan du sud",SS,f
"south africa",ZA,f
"south georgia & south sandwich islands",GS,f
"south georgia og de sydlige sandwichøer",GS,f
"south korea",KR,f
"south sudan",SS,f
spagna,ES,f
spain,ES,f
spania,ES,f
spanien,ES,f
spanje,ES,f
"spitsbergen en jan mayen",SJ,f
"spitzbergen und jan mayen",SJ,f
"spojené arabské emiráty",AE,f
"spojené království",GB,f
"spojené státy",US,f
spānija,ES,f
sr,SR,f
"sra hongkong (chiny)",HK,f
"sra makau (chiny)",MO,f
srbsko,RS,f
"sri lanka",LK,f
"srí lanka",LK,f
ss,SS,f
st,ST,f
"st. barthélemy",BL,f
"st. helena",SH,f
"st. kitts & nevis",KN,f
"st. kitts und nevis",KN,f
"st. lucia",LC,f
"st. martin",MF,f
"st. pierre & miquelon",PM,f
"st. pierre und miquelon",PM,f
"st. vincent & grenadines",VC,f
"st. vincent og grenadinene",VC,f
"st. vincent und die grenadinen",VC,f
"stany zjednoczone",US,f
"statele unite ale americii",US,f
"stati uniti",US,f
"statul cetății vaticanului",VA,f
storbritannia,GB,f
storbritannien,GB,f
"středoafrická republika",CF,f
"sud sudan",SS,f
sudaan,SD,f
sudafrica,ZA,f
sudan,SD,f
"sudan południowy",SS,f
sudanas,SD,f
"sudanul de sud",SS,f
sudáfrica,ZA,f
sudán,SD,f
"sudán del sur",SS,f
sudão,SD,f
"sudão do sul",SS,f
sudāna,SD,f
suecia,SE,f
suedia,SE,f
suisse,CH,f
suiza,CH,f
suomi,FI,f
suomija,FI,f
surinam,SR,f
surinama,SR,f
surinamas,SR,f
suriname,SR,f
suriye,SY,f
"suudi arabistan",SA,f
suède,SE,f
suécia,SE,f
suíça,CH,f
sv,SV,f
"sv.helēnas sala",SH,f
svaasimaa,SZ,f
"svalbard & jan mayen",SJ,f
"svalbard e jan mayen",SJ,f
"svalbard et jan mayen",SJ,f
"svalbard i jan mayen",SJ,f
"svalbard ja jan mayen",SJ,f
"svalbard och jan mayen",SJ,f
"svalbard og jan mayen",SJ,f
"svalbard ve jan mayen",SJ,f
"svalbard y jan mayen",SJ,f
"svalbard și jan mayen",SJ,f
"svalbardas ir janas majenas",SJ,f
"svalbāra un jana majena sala",SJ,f
svatini,SZ,f
"svatá helena",SH,f
"svatá lucie",LC,f
"svatý bartoloměj",BL,f
"svatý kryštof a nevis",KN,f
"svatý martin (francie)",MF,f
"svatý martin (nizozemsko)",SX,f
"svatý tomáš a princův ostrov",ST,f
"svatý vincenc a grenadiny",VC,f
svazilandas,SZ,f
sveits,CH,f
sveitsi,CH,f
sverige,SE,f
svezia,SE,f
svizzera,CH,f
swaziland,SZ,f
sweden,SE,f
switzerland,CH,f
sx,SX,f
sy,SY,f
sydafrika,ZA,f
"sydgeorgien och sydsandwichöarna",GS,f
sydkorea,KR,f
sydsudan,SS,f
syria,SY,f
syrie,SY,f
syrien,SY,f
syrië,SY,f
syyria,SY,f
sz,SZ,f
szwajcaria,CH,f
szwecja,SE,f
"sáhara occidental",EH,f
"são bartolomeu",BL,f
"são cristóvão e névis",KN,f
"são martinho",MF,f
"são pedro e miquelão",PM,f
"são tomé & príncipe",ST,f
"são tomé e príncipe",ST,f
"são tomé ja príncipe",ST,f
"são tomé och príncipe",ST,f
"são tomé og príncipe",ST,f
"são tomé und príncipe",ST,f
"são tomé și príncipe",ST,f
"são vicente e granadinas",VC,f
sénégal,SN,f
sérvia,RS,f
síria,SY,f
sør-afrika,ZA,f
"sør-georgia og sør-sandwichøyene",GS,f
sør-korea,KR,f
sør-sudan,SS,f
súdán,SD,f
südafrika,ZA,f
"südgeorgien und die südlichen sandwichinseln",GS,f
südkorea,KR,f
südsudan,SS,f
süüria,SY,f
sýrie,SY,f
sīrija,SY,f
sırbistan,RS,f
słowacja,SK,f
słowenia,SI,f
taani,DK,f
tacikistan,TJ,f
tadjikistan,TJ,f
tadjiquistão,TJ,f
tadschikistan,TJ,f
tadsjikistan,TJ,f
tadzjikistan,TJ,f
tadżykistan,TJ,f
tadžikija,TJ,f
tadžikistan,TJ,f
tadžikistāna,TJ,f
tagikistan,TJ,f
tai,TH,f
tailandas,TH,f
tailandia,TH,f
tailândia,TH,f
taivanas,TW,f
taivāna,TW,f
taiwan,TW,f
taiwán,TW,f
taizeme,TH,f
tajikistan,TJ,f
tajlandia,TH,f
tajwan,TW,f
tansaania,TZ,f
tansania,TZ,f
tanska,DK,f
tanzania,TZ,f
tanzanie,TZ,f
tanzanija,TZ,f
tanzanya,TZ,f
tanzânia,TZ,f
tanzānija,TZ,f
tayikistán,TJ,f
tayland,TH,f
tayvan,TW,f
taïwan,TW,f
tc,TC,f
tchad,TD,f
tchaj-wan,TW,f
tchéquia,CZ,f
tchéquie,CZ,f
td,TD,f
"teritoriile australe și antarctice franceze",TF,f
"teritoriile palestiniene",PS,f
"teritoriul britanic din oceanul indian",IO,f
"terkso ir kaikoso salos",TC,f
"terre australi francesi",TF,f
"terres australes françaises",TF,f
"territoire britannique de l’océan indien",IO,f
"territoires palestiniens",PS,f
"territori palestinesi",PS,f
"territorio britannico dell’oceano indiano",IO,f
"territorio británico del océano índico",IO,f
"territorios australes franceses",TF,f
"territorios palestinos",PS,f
"território britânico do oceano índico",IO,f
"territórios franceses do sul",TF,f
"territórios palestinos",PS,f
"terytoria palestyńskie",PS,f
tf,TF,f
tg,TG,f
th,TH,f
thailand,TH,f
thailanda,TH,f
thailandia,TH,f
thaimaa,TH,f
thajsko,TH,f
thaïlande,TH,f
"timor est",TL,f
"timor oriental",TL,f
"timor wschodni",TL,f
timor-leste,TL,f
tj,TJ,f
tjeckien,CZ,f
tjekkiet,CZ,f
tk,TK,f
tl,TL,f
tm,TM,f
tn,TN,f
to,TO,f
togas,TG,f
togo,TG,f
tokelau,TK,f
tokelauöarna,TK,f
tonga,TO,f
tr,TR,f
"trinidad & tobago",TT,f
"trinidad a tobago",TT,f
"trinidad e tobago",TT,f
"trinidad en tobago",TT,f
"trinidad ja tobago",TT,f
"trinidad och tobago",TT,f
"trinidad og tobago",TT,f
"trinidad und tobago",TT,f
"trinidad ve tobago",TT,f
"trinidad y tobago",TT,f
"trinidad și tobago",TT,f
"trinidadas ir tobagas",TT,f
"trinidāda un tobāgo",TT,f
trinité-et-tobago,TT,f
"trynidad i tobago",TT,f
tschad,TD,f
tschechien,CZ,f
"tschechische republik",CZ,f
tsjaad,TD,f
tsjad,TD,f
tsjechië,CZ,f
tsjekkia,CZ,f
tt,TT,f
tuneesia,TN,f
tunesien,TN,f
tunesië,TN,f
tunezja,TN,f
tunisas,TN,f
tunisia,TN,f
tunisie,TN,f
tunisien,TN,f
tunisija,TN,f
tunisko,TN,f
tunus,TN,f
tunísia,TN,f
turchia,TR,f
turcia,TR,f
turcija,TR,f
turcja,TR,f
turcomenistão,TM,f
turecko,TR,f
turkey,TR,f
turkiet,TR,f
turkija,TR,f
turkije,TR,f
turkki,TR,f
turkmenistan,TM,f
turkmenistán,TM,f
turkmenistāna,TM,f
turkménistan,TM,f
turkmėnistanas,TM,f
"turks & caicos islands",TC,f
"turks a caicos",TC,f
"turks i caicos",TC,f
"turks ja caicos",TC,f
"turks ve caicos adaları",TC,f
"turks- en caicoseilanden",TC,f
"turks- ja caicossaaret",TC,f
"turks- och caicosöarna",TC,f
"turks- og caicosøerne",TC,f
"turks- og caicosøyene",TC,f
"turks- und caicosinseln",TC,f
turquia,TR,f
turquie,TR,f
turquía,TR,f
tuvalu,TV,f
tv,TV,f
tw,TW,f
tyrkia,TR,f
tyrkiet,TR,f
tyskland,DE,f
tz,TZ,f
tádžikistán,TJ,f
túnez,TN,f
türgi,TR,f
türkei,TR,f
türkiye,TR,f
türkmenistan,TM,f
"tērksas un kaikosas salas",TC,f
tšaad,TD,f
tšad,TD,f
tšehhi,CZ,f
tšekki,CZ,f
tšiili,CL,f
"u.s. outlying islands",UM,f
"u.s. virgin islands",VI,f
u.s.a.,US,f
ua,UA,f
ucraina,UA,f
ucrania,UA,f
ucrânia,UA,f
ug,UG,f
uganda,UG,f
uk,GB,f
ukraina,UA,f
ukraine,UA,f
ukrajina,UA,f
ukrayna,UA,f
um,UM,f
umman,OM,f
ungari,HU,f
ungaria,HU,f
ungarn,HU,f
ungern,HU,f
ungheria,HU,f
ungārija,HU,f
"united arab emirates",AE,f
"united kingdom",GB,f
"united states",US,f
unkari,HU,f
uruguai,UY,f
uruguay,UY,f
urugvaja,UY,f
urugvajus,UY,f
urugwaj,UY,f
us,US,f
usa,US,f
"usa neitsisaared",VI,f
"usa:s yttre öar",UM,f
"usas ytre øyer",UM,f
usbekistan,UZ,f
uus-kaledoonia,NC,f
uus-meremaa,NZ,f
uusi-kaledonia,NC,f
uusi-seelanti,NZ,f
uy,UY,f
uz,UZ,f
uzbekistan,UZ,f
uzbekistanas,UZ,f
uzbekistán,UZ,f
uzbekistāna,UZ,f
uzbequistão,UZ,f
va,VA,f
"vakarų sachara",EH,f
valgevene,BY,f
valko-venäjä,BY,f
vanuatu,VU,f
vaticaanstad,VA,f
"vatican city",VA,f
vatikaani,VA,f
vatikan,VA,f
"vatikano miesto valstybė",VA,f
vatikanstadt,VA,f
vatikanstaten,VA,f
vatikán,VA,f
vatikāns,VA,f
vc,VC,f
ve,VE,f
venecuēla,VE,f
venemaa,RU,f
venesuela,VE,f
venezuela,VE,f
vengrija,HU,f
venäjä,RU,f
"vereinigte arabische emirate",AE,f
"vereinigte staaten",US,f
"vereinigtes königreich",GB,f
"verenigd koninkrijk",GB,f
"verenigde arabische emiraten",AE,f
"verenigde staten",US,f
vest-sahara,EH,f
vestsahara,EH,f
vg,VG,f
vi,VI,f
vietnam,VN,f
vietnamas,VN,f
vietnã,VN,f
viro,EE,f
vitryssland,BY,f
"viêt nam",VN,f
vjetnama,VN,f
vn,VN,f
vokietija,DE,f
"volisa un futunas salas",WF,f
"volisas ir futūna",WF,f
vu,VU,f
"vánoční ostrov",CX,f
västsahara,EH,f
"východní timor",TL,f
vācija,DE,f
"wallis & futuna",WF,f
"wallis a futuna",WF,f
"wallis e futuna",WF,f
"wallis en futuna",WF,f
"wallis i futuna",WF,f
"wallis ja futuna",WF,f
"wallis og futuna",WF,f
"wallis und futuna",WF,f
"wallis ve futuna",WF,f
"wallis y futuna",WF,f
"wallis și futuna",WF,f
"wallis- och futunaöarna",WF,f
wallis-et-futuna,WF,f
watykan,VA,f
weihnachtsinsel,CX,f
wenezuela,VE,f
"westelijke sahara",EH,f
"western sahara",EH,f
westsahara,EH,f
wf,WF,f
"wielka brytania",GB,f
wietnam,VN,f
ws,WS,f
"wyspa bouveta",BV,f
"wyspa bożego narodzenia",CX,f
"wyspa man",IM,f
"wyspa świętej heleny",SH,f
"wyspy alandzkie",AX,f
"wyspy cooka",CK,f
"wyspy dziewicze stanów zjednoczonych",VI,f
"wyspy heard i mcdonalda",HM,f
"wyspy kokosowe",CC,f
"wyspy marshalla",MH,f
"wyspy owcze",FO,f
"wyspy salomona",SB,f
"wyspy świętego tomasza i książęca",ST,f
węgry,HU,f
włochy,IT,f
ye,YE,f
yemen,YE,f
"yeni kaledonya",NC,f
"yeni zelanda",NZ,f
yhdysvallat,US,f
"yhdysvaltain erillissaaret",UM,f
"yhdysvaltain neitsytsaaret",VI,f
yibuti,DJ,f
"ypatingasis administracinis kinijos regionas honkongas",HK,f
"ypatingasis administracinis kinijos regionas makao",MO,f
yt,YT,f
yunanistan,GR,f
yémen,YE,f
za,ZA,f
zambia,ZM,f
zambie,ZM,f
zambija,ZM,f
zambiya,ZM,f
"zentralafrikanische republik",CF,f
ziemeļkoreja,KP,f
ziemeļmaķedonija,MK,f
"ziemeļu marianas salas",MP,f
"ziemsvētku sala",CX,f
zimbabue,ZW,f
zimbabve,ZW,f
zimbabvė,ZW,f
zimbabwe,ZW,f
zimbábue,ZW,f
"zjednoczone emiraty arabskie",AE,f
zm,ZM,f
zuid-afrika,ZA,f
"zuid-georgia en zuidelijke sandwicheilanden",GS,f
zuid-korea,KR,f
zuid-soedan,SS,f
zviedrija,SE,f
zw,ZW,f
zweden,SE,f
zwitserland,CH,f
zypern,CY,f
"západní sahara",EH,f
zâmbia,ZM,f
"zālamana salas",SB,f
"áfrica do sul",ZA,f
áustria,AT,f
ázerbájdžán,AZ,f
ägypten,EG,f
äquatorialguinea,GQ,f
äthiopien,ET,f
åland,AX,f
"åland adaları",AX,f
"åland islands",AX,f
ålandinseln,AX,f
ålandy,AX,f
ækvatorialguinea,GQ,f
çad,TD,f
çekya,CZ,f
çin,CN,f
"çin hong kong öi̇b",HK,f
"çin makao öi̇b",MO,f
égypte,EG,f
"émirats arabes unis",AE,f
équateur,EC,f
érythrée,ER,f
"état de la cité du vatican",VA,f
états-unis,US,f
éthiopie,ET,f
índia,IN,f
írán,IR,f
"île bouvet",BV,f
"île christmas",CX,f
"île de man",IM,f
"île norfolk",NF,f
"îles caïmans",KY,f
"îles cocos",CC,f
"îles cook",CK,f
"îles féroé",FO,f
"îles heard-et-macdonald",HM,f
"îles malouines",FK,f
"îles mariannes du nord",MP,f
"îles marshall",MH,f
"îles mineures éloignées des états-unis",UM,f
"îles pitcairn",PN,f
"îles salomon",SB,f
"îles turques-et-caïques",TC,f
"îles vierges britanniques",VG,f
"îles vierges des états-unis",VI,f
"îles åland",AX,f
österreich,AT,f
österrike,AT,f
östtimor,TL,f
özbekistan,UZ,f
øst-timor,TL,f
østerrike,AT,f
østrig,AT,f
ühendkuningriik,GB,f
"ühendriikide hajasaared",UM,f
ürdün,JO,f
čad,TD,f
čada,TD,f
čadas,TD,f
čehija,CZ,f
čekija,CZ,f
"černá hora",ME,f
česko,CZ,f
čilė,CL,f
čína,CN,f
čīle,CL,f
ēģipte,EG,f
īrija,IE,f
"ķtr īpašais administratīvais reģions makao",MO,f
ķīna,CN,f
"ķīnas īpašās pārvaldes apgabals honkonga",HK,f
łotwa,LV,f
řecko,GR,f
şili,CL,f
"šalamounovy ostrovy",SB,f
"šiaurės korėja",KP,f
"šiaurės makedonija",MK,f
španělsko,ES,f
"špicberky a jan mayen",SJ,f
"šri lanka",LK,f
šrilanka,LK,f
"šv. elenos sala",SH,f
švedija,SE,f
šveicarija,CH,f
šveice,CH,f
šveits,CH,f
"šventasis vincentas ir grenadinai",VC,f
švédsko,SE,f
švýcarsko,CH,f
"žaliasis kyšulys",CV,f
"țările de jos",NL,f
австралия,AU,f
австралія,AU,f
австрия,AT,f
австрія,AT,f
азербайджан,AZ,f
"аландские о-ва",AX,f
"аландські острови",AX,f
албания,AL,f
албанія,AL,f
алжир,DZ,f
"американское самоа",AS,f
"американське самоа",AS,f
ангилья,AI,f
ангола,AO,f
ангілья,AI,f
андорра,AD,f
антарктида,AQ,f
антарктика,AQ,f
"антигуа и барбуда",AG,f
"антигуа і барбуда",AG,f
аргентина,AR,f
армения,AM,f
аруба,AW,f
афганистан,AF,f
афганістан,AF,f
"багамські острови",BS,f
багамы,BS,f
бангладеш,BD,f
барбадос,BB,f
бахрейн,BH,f
беларусь,BY,f
белиз,BZ,f
бельгия,BE,f
бельгія,BE,f
беліз,BZ,f
бенин,BJ,f
бенін,BJ,f
"бермудские о-ва",BM,f
"бермудські острови",BM,f
болгария,BG,f
болгарія,BG,f
боливия,BO,f
болівія,BO,f
"бонэйр, синт-эстатиус и саба",BQ,f
"босния и герцеговина",BA,f
"боснія і герцеговина",BA,f
ботсвана,BW,f
бразилия,BR,f
бразилія,BR,f
"британская территория в индийском океане",IO,f
"британська територія в індійському океані",IO,f
"британські віргінські острови",VG,f
бруней,BN,f
бруней-даруссалам,BN,f
буркина-фасо,BF,f
буркіна-фасо,BF,f
бурунди,BI,f
бурунді,BI,f
бутан,BT,f
білорусь,BY,f
вʼєтнам,VN,f
вануату,VU,f
ватикан,VA,f
"велика британія",GB,f
великобритания,GB,f
венгрия,HU,f
венесуела,VE,f
венесуэла,VE,f
"виргинские о-ва (великобритания)",VG,f
"виргинские о-ва (сша)",VI,f
"внешние малые о-ва (сша)",UM,f
"восточный тимор",TL,f
вьетнам,VN,f
"віддалені острови сша",UM,f
"віргінські острови (сша)",VI,f
вірменія,AM,f
габон,GA,f
гаити,HT,f
гайана,GY,f
гамбия,GM,f
гамбія,GM,f
гана,GH,f
гаяна,GY,f
гаїті,HT,f
гваделупа,GP,f
гватемала,GT,f
гвинея,GN,f
гвинея-бисау,GW,f
гвінея,GN,f
гвінея-бісау,GW,f
германия,DE,f
гернси,GG,f
гернсі,GG,f
гибралтар,GI,f
гондурас,HN,f
"гонконг (сар)",HK,f
"гонконг, оар китаю",HK,f
гренада,GD,f
гренландия,GL,f
гренландія,GL,f
греция,GR,f
греція,GR,f
грузия,GE,f
грузія,GE,f
гуам,GU,f
гібралтар,GI,f
дания,DK,f
данія,DK,f
джерси,JE,f
джерсі,JE,f
джибути,DJ,f
джибуті,DJ,f
доминика,DM,f
"доминиканская республика",DO,f
домініка,DM,f
"домініканська республіка",DO,f
египет,EG,f
еквадор,EC,f
"екваторіальна гвінея",GQ,f
еритрея,ER,f
есватіні,SZ,f
естонія,EE,f
ефіопія,ET,f
замбия,ZM,f
замбія,ZM,f
"западная сахара",EH,f
"західна сахара",EH,f
зимбабве,ZW,f
зімбабве,ZW,f
израиль,IL,f
индия,IN,f
индонезия,ID,f
иордания,JO,f
ирак,IQ,f
иран,IR,f
ирландия,IE,f
исландия,IS,f
испания,ES,f
италия,IT,f
йемен,YE,f
йорданія,JO,f
кабо-верде,CV,f
казахстан,KZ,f
"кайманові острови",KY,f
камбоджа,KH,f
камерун,CM,f
канада,CA,f
"карибські нідерланди",BQ,f
катар,QA,f
кения,KE,f
кенія,KE,f
кипр,CY,f
киргизия,KG,f
киргизстан,KG,f
кирибати,KI,f
китай,CN,f
кндр,KP,f
"кокосовые о-ва",CC,f
"кокосові (кілінг) острови",CC,f
колумбия,CO,f
колумбія,CO,f
комори,KM,f
коморы,KM,f
"конго - браззавиль",CG,f
"конго - киншаса",CD,f
"конго – браззавіль",CG,f
"конго – кіншаса",CD,f
коста-рика,CR,f
кот-дʼівуар,CI,f
кот-д’ивуар,CI,f
куба,CU,f
кувейт,KW,f
кюрасао,CW,f
кіпр,CY,f
кірибаті,KI,f
лаос,LA,f
латвия,LV,f
латвія,LV,f
лесото,LS,f
либерия,LR,f
ливан,LB,f
ливия,LY,f
литва,LT,f
лихтенштейн,LI,f
люксембург,LU,f
ліберія,LR,f
ліван,LB,f
лівія,LY,f
ліхтенштейн,LI,f
"мʼянма (бірма)",MM,f
маврикий,MU,f
маврикій,MU,f
мавритания,MR,f
мавританія,MR,f
мадагаскар,MG,f
майотта,YT,f
"макао (сар)",MO,f
"макао, оар китаю",MO,f
малави,MW,f
малаві,MW,f
малайзия,MY,f
малайзія,MY,f
мали,ML,f
мальдивы,MV,f
мальдіви,MV,f
мальта,MT,f
малі,ML,f
марокко,MA,f
мартиника,MQ,f
мартиніка,MQ,f
"маршалловы острова",MH,f
"маршаллові острови",MH,f
мексика,MX,f
мозамбик,MZ,f
мозамбік,MZ,f
молдова,MD,f
монако,MC,f
монголия,MN,f
монголія,MN,f
монтсеррат,MS,f
"мьянма (бирма)",MM,f
мікронезія,FM,f
намибия,NA,f
намібія,NA,f
науру,NR,f
непал,NP,f
нигер,NE,f
нигерия,NG,f
нидерланды,NL,f
никарагуа,NI,f
ниуэ,NU,f
"нова зеландія",NZ,f
"нова каледонія",NC,f
"новая зеландия",NZ,f
"новая каледония",NC,f
норвегия,NO,f
норвегія,NO,f
нігер,NE,f
нігерія,NG,f
нідерланди,NL,f
нікарагуа,NI,f
німеччина,DE,f
ніуе,NU,f
"о-в буве",BV,f
"о-в мэн",IM,f
"о-в норфолк",NF,f
"о-в рождества",CX,f
"о-в св. елены",SH,f
"о-ва питкэрн",PN,f
"о-ва тёркс и кайкос",TC,f
"о-ва херд и макдональд",HM,f
оаэ,AE,f
"обʼєднані арабські емірати",AE,f
оман,OM,f
"острова кайман",KY,f
"острова кука",CK,f
"острови герд і макдоналд",HM,f
"острови кука",CK,f
"острови піткерн",PN,f
"острови теркс і кайкос",TC,f
"острів буве",BV,f
"острів мен",IM,f
"острів норфолк",NF,f
"острів різдва",CX,f
"острів святої єлени",SH,f
пакистан,PK,f
палау,PW,f
"палестинские территории",PS,f
"палестинські території",PS,f
панама,PA,f
"папуа — новая гвинея",PG,f
"папуа-нова гвінея",PG,f
парагвай,PY,f
перу,PE,f
польша,PL,f
польща,PL,f
португалия,PT,f
португалія,PT,f
пуерто-рико,PR,f
пуэрто-рико,PR,f
"південна джорджія та південні сандвічеві острови",GS,f
"південна корея",KR,f
"південний судан",SS,f
"південно-африканська республіка",ZA,f
"північна корея",KP,f
"північна македонія",MK,f
"північні маріанські острови",MP,f
"республика корея",KR,f
реюньйон,RE,f
реюньон,RE,f
россия,RU,f
росія,RU,f
руанда,RW,f
румунія,RO,f
румыния,RO,f
сальвадор,SV,f
самоа,WS,f
сан-марино,SM,f
"сан-томе и принсипи",ST,f
"сан-томе і принсіпі",ST,f
"саудовская аравия",SA,f
"саудівська аравія",SA,f
"северная македония",MK,f
"северные марианские о-ва",MP,f
"сейшельские острова",SC,f
"сейшельські острови",SC,f
сен-бартелеми,BL,f
сен-бартелемі,BL,f
сен-мартен,MF,f
"сен-пʼєр і мікелон",PM,f
"сен-пьер и микелон",PM,f
сенегал,SN,f
"сент-винсент и гренадины",VC,f
"сент-вінсент і гренадіни",VC,f
"сент-китс и невис",KN,f
"сент-кітс і невіс",KN,f
сент-люсия,LC,f
сент-люсія,LC,f
сербия,RS,f
сербія,RS,f
сингапур,SG,f
синт-мартен,SX,f
сирия,SY,f
сирія,SY,f
словакия,SK,f
словаччина,SK,f
словения,SI,f
словенія,SI,f
"соединенные штаты",US,f
"соломоновы острова",SB,f
"соломонові острови",SB,f
сомали,SO,f
сомалі,SO,f
"сполучені штати",US,f
судан,SD,f
суринам,SR,f
сьерра-леоне,SL,f
сьєрра-леоне,SL,f
сінгапур,SG,f
сінт-мартен,SX,f
таджикистан,TJ,f
таиланд,TH,f
тайвань,TW,f
танзания,TZ,f
танзанія,TZ,f
таїланд,TH,f
того,TG,f
токелау,TK,f
тонга,TO,f
"тринидад и тобаго",TT,f
"тринідад і тобаго",TT,f
тувалу,TV,f
тунис,TN,f
туніс,TN,f
туреччина,TR,f
туркменистан,TM,f
туркменістан,TM,f
турция,TR,f
тімор-лешті,TL,f
уганда,UG,f
угорщина,HU,f
узбекистан,UZ,f
украина,UA,f
україна,UA,f
"уоллис и футуна",WF,f
"уолліс і футуна",WF,f
уругвай,UY,f
"фарерские о-ва",FO,f
"фарерські острови",FO,f
"федеративные штаты микронезии",FM,f
фиджи,FJ,f
филиппины,PH,f
финляндия,FI,f
"фолклендские о-ва",FK,f
"фолклендські острови",FK,f
франция,FR,f
"французская гвиана",GF,f
"французская полинезия",PF,f
"французские южные территории",TF,f
"французька гвіана",GF,f
"французька полінезія",PF,f
"французькі південні території",TF,f
франція,FR,f
фіджі,FJ,f
філіппіни,PH,f
фінляндія,FI,f
хорватия,HR,f
хорватія,HR,f
"центрально-африканская республика",CF,f
"центральноафриканська республіка",CF,f
чад,TD,f
черногория,ME,f
чехия,CZ,f
чехія,CZ,f
чили,CL,f
чилі,CL,f
чорногорія,ME,f
швейцария,CH,f
швейцарія,CH,f
швеция,SE,f
швеція,SE,f
"шпицберген и ян-майен",SJ,f
"шпіцберген та ян-маєн",SJ,f
шри-ланка,LK,f
шрі-ланка,LK,f
эквадор,EC,f
"экваториальная гвинея",GQ,f
эритрея,ER,f
эсватини,SZ,f
эстония,EE,f
эфиопия,ET,f
"южная георгия и южные сандвичевы о-ва",GS,f
"южно-африканская республика",ZA,f
"южный судан",SS,f
ямайка,JM,f
япония,JP,f
японія,JP,f
єгипет,EG,f
ємен,YE,f
ізраїль,IL,f
індонезія,ID,f
індія,IN,f
ірак,IQ,f
іран,IR,f
ірландія,IE,f
ісландія,IS,f
іспанія,ES,f
італія,IT,f
不丹,BT,f
东帝汶,TL,f
中国,CN,f
中国澳门特别行政区,MO,f
中国香港特别行政区,HK,f
中非共和国,CF,f
丹麦,DK,f
乌克兰,UA,f
乌兹别克斯坦,UZ,f
乌干达,UG,f
乌拉圭,UY,f
乍得,TD,f
也门,YE,f
亚美尼亚,AM,f
以色列,IL,f
伊拉克,IQ,f
伊朗,IR,f
伯利兹,BZ,f
佛得角,CV,f
俄罗斯,RU,f
保加利亚,BG,f
克罗地亚,HR,f
关岛,GU,f
冈比亚,GM,f
冰岛,IS,f
几内亚,GN,f
几内亚比绍,GW,f
列支敦士登,LI,f
刚果（布）,CG,f
刚果（金）,CD,f
利比亚,LY,f
利比里亚,LR,f
加拿大,CA,f
加纳,GH,f
加蓬,GA,f
匈牙利,HU,f
北马其顿,MK,f
北马里亚纳群岛,MP,f
南乔治亚和南桑威奇群岛,GS,f
南极洲,AQ,f
南苏丹,SS,f
南非,ZA,f
博茨瓦纳,BW,f
卡塔尔,QA,f
卢旺达,RW,f
卢森堡,LU,f
印度,IN,f
印度尼西亚,ID,f
危地马拉,GT,f
厄瓜多尔,EC,f
厄立特里亚,ER,f
叙利亚,SY,f
古巴,CU,f
台湾,TW,f
吉尔吉斯斯坦,KG,f
吉布提,DJ,f
哈萨克斯坦,KZ,f
哥伦比亚,CO,f
哥斯达黎加,CR,f
喀麦隆,CM,f
图瓦卢,TV,f
土库曼斯坦,TM,f
土耳其,TR,f
圣卢西亚,LC,f
圣基茨和尼维斯,KN,f
圣多美和普林西比,ST,f
圣巴泰勒米,BL,f
圣文森特和格林纳丁斯,VC,f
圣皮埃尔和密克隆群岛,PM,f
圣诞岛,CX,f
圣赫勒拿,SH,f
圣马力诺,SM,f
圭亚那,GY,f
坦桑尼亚,TZ,f
埃及,EG,f
埃塞俄比亚,ET,f
基里巴斯,KI,f
塔吉克斯坦,TJ,f
塞内加尔,SN,f
塞尔维亚,RS,f
塞拉利昂,SL,f
塞浦路斯,CY,f
塞舌尔,SC,f
墨西哥,MX,f
多哥,TG,f
多米尼克,DM,f
多米尼加共和国,DO,f
奥兰群岛,AX,f
奥地利,AT,f
委内瑞拉,VE,f
孟加拉国,BD,f
安哥拉,AO,f
安圭拉,AI,f
安提瓜和巴布达,AG,f
安道尔,AD,f
密克罗尼西亚,FM,f
尼加拉瓜,NI,f
尼日利亚,NG,f
尼日尔,NE,f
尼泊尔,NP,f
巴勒斯坦领土,PS,f
巴哈马,BS,f
巴基斯坦,PK,f
巴巴多斯,BB,f
巴布亚新几内亚,PG,f
巴拉圭,PY,f
巴拿马,PA,f
巴林,BH,f
巴西,BR,f
布基纳法索,BF,f
布隆迪,BI,f
布韦岛,BV,f
希腊,GR,f
帕劳,PW,f
库克群岛,CK,f
库拉索,CW,f
开曼群岛,KY,f
德国,DE,f
意大利,IT,f
所罗门群岛,SB,f
托克劳,TK,f
拉脱维亚,LV,f
挪威,NO,f
捷克,CZ,f
摩尔多瓦,MD,f
摩洛哥,MA,f
摩纳哥,MC,f
文莱,BN,f
斐济,FJ,f
斯威士兰,SZ,f
斯洛伐克,SK,f
斯洛文尼亚,SI,f
斯瓦尔巴和扬马延,SJ,f
斯里兰卡,LK,f
新加坡,SG,f
新喀里多尼亚,NC,f
新西兰,NZ,f
日本,JP,f
智利,CL,f
朝鲜,KP,f
柬埔寨,KH,f
根西岛,GG,f
格林纳达,GD,f
格陵兰,GL,f
格鲁吉亚,GE,f
梵蒂冈,VA,f
比利时,BE,f
毛里塔尼亚,MR,f
毛里求斯,MU,f
汤加,TO,f
沙特阿拉伯,SA,f
法国,FR,f
法属南部领地,TF,f
法属圣马丁,MF,f
法属圭亚那,GF,f
法属波利尼西亚,PF,f
法罗群岛,FO,f
波兰,PL,f
波多黎各,PR,f
波斯尼亚和黑塞哥维那,BA,f
泰国,TH,f
泽西岛,JE,f
津巴布韦,ZW,f
洪都拉斯,HN,f
海地,HT,f
澳大利亚,AU,f
爱尔兰,IE,f
爱沙尼亚,EE,f
牙买加,JM,f
特克斯和凯科斯群岛,TC,f
特立尼达和多巴哥,TT,f
玻利维亚,BO,f
瑙鲁,NR,f
瑞典,SE,f
瑞士,CH,f
瓜德罗普,GP,f
瓦利斯和富图纳,WF,f
瓦努阿图,VU,f
留尼汪,RE,f
白俄罗斯,BY,f
百慕大,BM,f
皮特凯恩群岛,PN,f
直布罗陀,GI,f
福克兰群岛,FK,f
科威特,KW,f
科摩罗,KM,f
科特迪瓦,CI,f
科科斯（基林）群岛,CC,f
秘鲁,PE,f
突尼斯,TN,f
立陶宛,LT,f
索马里,SO,f
约旦,JO,f
纳米比亚,NA,f
纽埃,NU,f
缅甸,MM,f
罗马尼亚,RO,f
美国,US,f
美国本土外小岛屿,UM,f
美属维尔京群岛,VI,f
美属萨摩亚,AS,f
老挝,LA,f
肯尼亚,KE,f
芬兰,FI,f
苏丹,SD,f
苏里南,SR,f
英国,GB,f
英属印度洋领地,IO,f
英属维尔京群岛,VG,f
荷兰,NL,f
荷属加勒比区,BQ,f
荷属圣马丁,SX,f
莫桑比克,MZ,f
莱索托,LS,f
菲律宾,PH,f
萨尔瓦多,SV,f
萨摩亚,WS,f
葡萄牙,PT,f
蒙古,MN,f
蒙特塞拉特,MS,f
西撒哈拉,EH,f
西班牙,ES,f
诺福克岛,NF,f
贝宁,BJ,f
赞比亚,ZM,f
赤道几内亚,GQ,f
赫德岛和麦克唐纳群岛,HM,f
越南,VN,f
阿塞拜疆,AZ,f
阿富汗,AF,f
阿尔及利亚,DZ,f
阿尔巴尼亚,AL,f
阿拉伯联合酋长国,AE,f
阿曼,OM,f
阿根廷,AR,f
阿鲁巴,AW,f
韩国,KR,f
马尔代夫,MV,f
马恩岛,IM,f
马拉维,MW,f
马提尼克,MQ,f
马来西亚,MY,f
马约特,YT,f
马绍尔群岛,MH,f
马耳他,MT,f
马达加斯加,MG,f
马里,ML,f
黎巴嫩,LB,f
黑山,ME,f
